alpha,rho,eta,gamma,keygen time/s,encryption time/s,decryption time/s,total time/s,ciphertext length in bits
5,256,330,175232,0.01135941743850708,0.276324987411499,0.0002741527557373047,0.2879585576057434,175231.2
10,256,340,225792,0.012777490615844727,0.4562696647644043,0.0004325985908508301,0.4694797539710998,225791.11
15,256,350,282752,0.013372783660888671,0.707707450389862,0.00013664484024047851,0.7212168788909912,282751.2
20,256,360,346112,0.012263522148132325,1.06423743724823,0.0003899049758911133,1.0768908643722535,346111.22
25,256,370,415872,0.012042427062988281,1.475876386165619,0.0007352924346923828,1.4886541056632996,415870.91
30,256,380,492032,0.015697224140167235,2.0474337840080263,0.0007532048225402832,2.0638842129707338,492030.98
35,256,390,574592,0.01891357660293579,3.0035082483291626,0.0002145981788635254,3.0226364231109617,574591.12
