alpha,rho,eta,gamma,keygen time/s,encryption time/s,decryption time/s,total time/s,ciphertext length in bits
5,256,330,175232,0.0038333725929260254,8.769035339355469e-06,1.3422966003417968e-06,0.0038434839248657226,972.97
10,256,340,225792,0.005819199085235596,2.590656280517578e-05,3.5309791564941407e-06,0.005848636627197266,3943.38
15,256,350,282752,0.004846944808959961,0.00010510206222534179,7.6150894165039066e-06,0.004959661960601807,8985.2
20,256,360,346112,0.005232937335968017,0.0003262639045715332,1.1663436889648438e-05,0.005570864677429199,16171.65
25,256,370,415872,0.006275913715362549,0.0008218169212341308,1.8205642700195312e-05,0.007115936279296875,25576.16
30,256,380,492032,0.0067074036598205565,0.0017166662216186524,2.5327205657958985e-05,0.008449397087097169,37271.74
35,256,390,574592,0.007326350212097168,0.003308606147766113,3.569602966308594e-05,0.010670652389526367,51331.78
