alpha,rho,eta,gamma,keygen time/s,encryption time/s,decryption time/s,total time/s,ciphertext length in bits
5,256,298,56448,0.003290705680847168,8.385181427001954e-06,1.1992454528808594e-06,0.003300290107727051,892.71
10,256,308,86528,0.0038271260261535643,2.1741390228271484e-05,2.9993057250976563e-06,0.0038518667221069335,3624.59
15,256,318,123008,0.004143524169921875,8.609533309936524e-05,6.04391098022461e-06,0.004235663414001465,8269.45
20,256,328,165888,0.003996806144714355,0.0002745318412780762,9.567737579345704e-06,0.004280905723571778,14901.95
25,256,338,215168,0.004986274242401123,0.0006986069679260254,1.669883728027344e-05,0.005701580047607423,23596.63
30,256,348,270848,0.0042639517784118655,0.0014570856094360352,2.270221710205078e-05,0.0057437396049499516,34427.63
35,256,358,332928,0.005448150634765625,0.0028038644790649415,3.076553344726562e-05,0.008282780647277832,47468.56
