alpha,rho,eta,gamma,keygen time/s,encryption time/s,decryption time/s,total time/s,ciphertext length in bits
5,128,170,32256,0.0010834264755249024,8.03232192993164e-06,8.249282836914062e-07,0.0010922837257385254,558.99
10,128,180,49445,0.0010885930061340333,1.2772083282470703e-05,1.6236305236816405e-06,0.0011029887199401857,2293.33
15,128,190,70291,0.00120466947555542,3.730297088623047e-05,3.08990478515625e-06,0.0012450623512268067,5283.43
20,128,200,94794,0.0015918946266174317,0.00011924505233764648,5.655288696289062e-06,0.0017167949676513672,9609.28
25,128,210,122954,0.0012911581993103028,0.00029677391052246094,8.12053680419922e-06,0.001596052646636963,15351.64
30,128,220,154771,0.0019915437698364256,0.000647275447845459,1.222848892211914e-05,0.0026510477066040037,22588.57
35,128,230,190245,0.0019440650939941406,0.001237931251525879,1.6431808471679688e-05,0.0031984281539916993,31399.49
