alpha,rho,eta,gamma,keygen time/s,encryption time/s,decryption time/s,total time/s,ciphertext length in bits
5,256,298,56448,0.003347320556640625,9.288787841796875e-06,1.4281272888183594e-06,0.00335803747177124,893.08
10,256,308,86528,0.003803989887237549,2.2139549255371094e-05,3.2091140747070315e-06,0.003829338550567627,3624.93
15,256,318,123008,0.004063451290130615,8.712053298950196e-05,5.750656127929688e-06,0.004156322479248046,8269.42
20,256,328,165888,0.004275944232940674,0.00027250051498413087,9.963512420654297e-06,0.0045584082603454595,14901.96
25,256,338,215168,0.0036973476409912108,0.0007090973854064942,1.633882522583008e-05,0.004422783851623535,23596.65
30,256,348,270848,0.004768707752227783,0.0014731097221374512,2.301216125488281e-05,0.006264829635620118,34427.56
35,256,358,332928,0.005937588214874267,0.002834212779998779,3.165006637573242e-05,0.008803451061248779,47468.45
