alpha,rho,eta,gamma,keygen time/s,encryption time/s,decryption time/s,total time/s,ciphertext length in bits
5,256,330,175232,0.004147036075592041,8.966922760009765e-06,1.316070556640625e-06,0.004157319068908692,972.78
10,256,340,225792,0.004575815200805664,2.3910999298095705e-05,3.6716461181640626e-06,0.0046033978462219245,3943.62
15,256,350,282752,0.005012738704681397,0.00010437250137329101,7.071495056152344e-06,0.00512418270111084,8985.32
20,256,360,346112,0.005689244270324707,0.0003270387649536133,1.1475086212158204e-05,0.0060277581214904785,16171.23
25,256,370,415872,0.005852134227752686,0.0008054733276367188,1.754283905029297e-05,0.006675150394439698,25576.12
30,256,380,492032,0.005936179161071777,0.0017739462852478028,2.686023712158203e-05,0.007736985683441162,37271.89
35,256,390,574592,0.006370015144348144,0.0033397507667541505,3.613948822021485e-05,0.00974590539932251,51331.84
